Category,Aug 21,Sep 21,Oct 21,Nov 21,Dec 21,Jan 22,Feb 22,Mar 22,Apr 22,May 22,Jun 22,Jul 22,Aug 22,Sep 22,Oct 22,Nov 22,Dec 22,Jan 23,Feb 23,Mar 23,Apr 23,May 23,Jun 23,Jul 23,Aug 23,Sep 23,Oct 23,Nov 23,Dec 23,Jan 24,Feb 24,Mar 24,Apr 24,May 24,Jun 24,Jul 24,Liq Total,Aug 24,Sep 24,Oct 24,Nov 24,Dec 24,Jan 25,Feb 25,Mar 25,Apr 25,May 25,Jun 25,Jul 25,Aug 25,Sep 25,Oct 25,Nov 25,Dec 25,Jan 26,Feb 26,Mar 26,Apr 26,May 26,Jun 26,Jul 26,Aug 26,Sep 26,Oct 26,Nov 26,Dec 26,Jan 27,Feb 27,Mar 27,Apr 27,May 27,Jun 27,Jul 27,Aug 27,Sep 27,Oct 27,Nov 27,Dec 27,Jan 28,Feb 28,Mar 28,Apr 28,May 28,Jun 28,Jul 28,Aug 28,Sep 28,Oct 28,Nov 28,Dec 28,Jan 29,Feb 29,Mar 29,Apr 29,May 29,Jun 29,Jul 29,Aug 29,Sep 29,Oct 29,Nov 29,Dec 29,Jan 30,Feb 30,Mar 30,Apr 30,May 30,Jun 30,Jul 30,Aug 30,Sep 30,Oct 30,Nov 30,Dec 30,Jan 31,Feb 31,Mar 31,Apr 31,May 31,Jun 31,Jul 31,Aug 31,Sep 31,Oct 31,Nov 31,Dec 31,Jan 32,Feb 32,Mar 32,Apr 32,May 32,Jun 32,Jul 32,Aug 32,Sep 32,Oct 32,Nov 32,Dec 32,Jan 33,Feb 33,Mar 33,Apr 33,May 33,Jun 33,Jul 33,Aug 33,Sep 33,Oct 33,Nov 33,Dec 33,Jan 34,Feb 34,Mar 34,Apr 34,May 34,Jun 34,Jul 34,Aug 34,Sep 34,Oct 34,Nov 34,Dec 34,Jan 35,Feb 35,Mar 35,Apr 35,May 35,Jun 35,Jul 35,Aug 35,Sep 35,Oct 35,Nov 35,Dec 35,Jan 36,Feb 36,Mar 36,Apr 36,May 36,Jun 36,Jul 36,Aug 36,Sep 36,Oct 36,Nov 36,Dec 36,Jan 37,Feb 37,Mar 37,Apr 37,May 37,Jun 37,Jul 37,Aug 37,Sep 37,Oct 37,Nov 37,Dec 37,Jan 38,Feb 38,Mar 38,Apr 38,May 38,Jun 38,Jul 38,Aug 38,Sep 38,Oct 38,Nov 38,Dec 38,Jan 39,Feb 39
Longs against TAC Pacific,,,,,1,3,9,6,7,9,9,7,9,5,7,7,9,2,6,3,2,2,2,3,2,2,2,2,1,1,1,3,2,,,,124,1,,,4,5,3,3,2,4,2,2,3,3,2,3,2,3,2,1,1,3,1,1,1,1,1,3,1,1,,1,,,,1,,,,1,,,,,,,,,,,,,,,,,,,,,,,,,,,,,,,,,,,,,,,,,,,,,,,,,,,,,,,,,,,,,,,,,,,,,,,,,,,,,,,,,,,,,,,,,,,,,,,,,,,,,,,,,,,,,,,,,,,,,,,,,,,,,,,,,,,,,,,,
Longs against TAC Pacific Details,,,,,Shizuoka 2020-03 (2021-12-25),"BB Energy 2021-02 (2022-01-01)
PNG FOB 2018-2023-28 (2022-01-15)
Qatargas 2022-2026-01 (2022-01-31)","OMAN FOB SPA-65 (2022-02-04)
Freeport -125 (2022-02-25)
NWS Equity -42 (2022-02-05)
PNG FOB 2018-2023-29 (2022-02-05)
Oman 2022-2025-01 (2022-02-16)
Qatargas 2022-2026-02 (2022-02-28)
OMAN FOB SPA-66 (2022-02-28)
OG Strip purchase 2021-2022 -04 (2022-02-24)
OG T1 2016-10 (2022-02-27)","Qatargas 2022-2026-03 (2022-03-20)
Petronas FOB 2020-2024-05 (2022-03-13)
OMAN FOB SPA-68 (2022-03-20)
Oman 2022-2025-02 (2022-03-31)
Petronas DES 2020-2024-14 (2022-03-15)
OG T2 2016-34 (2022-03-19)","Qatargas 2022-2026-04 (2022-04-08)
OMAN FOB SPA-69 (2022-04-17)
Tangguh SPA-09 (2022-04-10)
Petronas DES 2020-2024-UQT-01 (2022-04-02)
Qatargas 2022-2026-05 (2022-04-27)
Uniper 2020-02-01 (2022-04-13)
OG Strip purchase 2021-2022 -05 (2022-04-15)","Oman 2022-2025-03 (2022-05-02)
Tangguh SPA-10 (2022-05-11)
OMAN FOB SPA-71 (2022-05-24)
Uniper 2020-02-02 (2022-05-08)
Qatargas 2022-2026-06 (2022-05-27)
PNG FOB 2018-2023-32 (2022-05-22)
Tangguh SPA-01 Deferred (2022-05-25)
Uniper 2020-03-01 (2022-05-18)
OG T2 2016-36 (2022-05-20)","Uniper 2020-02-03 (2022-06-08)
NWS Equity -43 (2022-06-22)
Qatargas 2022-2026-07 (2022-06-27)
Oman 2022-2025-04 (2022-06-30)
PNG FOB 2018-2023-33 (2022-06-28)
OG Strip purchase 2021-2022 -06 (2022-06-15)
Petronas DES 2020-2024-15 (2022-06-15)
Tangguh SPA-20 Accelerated (2022-06-28)
Uniper 2020-03-02 (2022-06-18)","OMAN FOB SPA-72 (2022-07-10)
Tangguh SPA-74 Accelerated (2022-07-12)
Oman 2022-2025-05 (2022-07-20)
OG T2 2016-37 (2022-07-05)
Qatargas 2022-2026-08 (2022-07-27)
Tangguh SPA-13 (2022-07-24)
Uniper 2020-03-03 (2022-07-13)","OMAN FOB SPA-74 (2022-08-16)
Tangguh SPA-14 (2022-08-11)
Qatargas 2022-2026-09 (2022-08-27)
Oman 2022-2025-06 (2022-08-28)
NWS Equity -44 (2022-08-25)
Uniper 2020-03-04 (2022-08-13)
OG Strip purchase 2021-2022 -07 (2022-08-15)
Petronas DES 2020-2024-16 (2022-08-15)
OG T2 2016-38 (2022-08-23)","T4-275 (2022-09-19)
Tangguh SPA-15 (2022-09-10)
Qatargas 2022-2026-10 (2022-09-20)
OMAN FOB SPA-75 (2022-09-27)
NWS Equity -45 (2022-09-25)","Oman 2022-2025-07 (2022-10-06)
Qatargas 2022-2026-11 (2022-10-09)
Tangguh SPA-16 (2022-10-10)
OG T2 2016-39 (2022-10-05)
Qatargas 2022-2026-12 (2022-10-27)
OG Strip purchase 2021-2022 -08 (2022-10-15)
Petronas DES 2020-2024-17 (2022-10-15)","Oman 2022-2025-08 (2022-11-05)
NWS Equity -46 (2022-11-14)
Tangguh SPA-18 (2022-11-10)
OMAN FOB SPA-77 (2022-11-22)
Qatargas 2022-2026-13 (2022-11-27)
Uniper 2021-06 (2022-11-15)
Tangguh SPA-17 (2022-11-28)","Freeport -172 (2022-12-18)
OMAN FOB SPA-78 (2022-12-05)
OMAN FOB SPA UQT-12 (2022-12-19)
Tangguh SPA-19 (2022-12-11)
Oman 2022-2025-08a (2022-12-23)
Qatargas 2022-2026-14 (2022-12-27)
OG Strip purchase 2021-2022 -09 (2022-12-15)
Petronas DES 2020-2024-18 (2022-12-15)
Petronas FOB 2020-2024-06 (2022-12-28)","OMAN FOB SPA-79 (2023-01-15)
Qatargas 2022-2026-15 (2023-01-27)","NWS Equity -47 (2023-02-21)
Qatargas 2022-2026-16 (2023-02-27)
Tangguh SPA-22 (2023-02-25)
Uniper 2021-07 (2023-02-15)
OG Strip purchase 2021-2022 -10 (2023-02-15)
Petronas FOB 2020-2024-07 (2023-02-28)","PNG FOB 2018-2023-41 (2023-03-01)
Qatargas 2022-2026-17 (2023-03-20)
Petronas DES 2020-2024-20 (2023-03-17)","Qatargas 2022-2026-18 (2023-04-08)
Qatargas 2022-2026-19 (2023-04-27)","Qatargas 2022-2026-20 (2023-05-27)
Uniper 2021-08 (2023-05-15)","Qatargas 2022-2026-21 (2023-06-27)
Uniper 2021-09 (2023-06-15)","Oman 2022-2025-13 (2023-07-09)
Qatargas 2022-2026-22 (2023-07-27)
Petronas DES 2020-2024-22 (2023-07-18)","Uniper 2021-10 (2023-08-01)
Qatargas 2022-2026-23 (2023-08-27)","Qatargas 2022-2026-24 (2023-09-20)
Petronas DES 2020-2024-23 (2023-09-26)","Qatargas 2022-2026-25 (2023-10-09)
Qatargas 2022-2026-26 (2023-10-27)","Qatargas 2022-2026-27 (2023-11-27)
Petronas DES 2020-2024-24 (2023-11-15)",Qatargas 2022-2026-28 (2023-12-27),Qatargas 2022-2026-29 (2024-01-27),Qatargas 2022-2026-30 (2024-02-27),"Qatargas 2022-2026-31 (2024-03-20)
OG T2 2016-50 (2024-03-30)
Petronas DES 2020-2024-26 (2024-03-30)","NWS Equity -53 (2024-04-14)
Oman 2022-2025-20 (2024-04-28)",,,,,Tangguh SPA-52 (2024-08-06),,,"Tangguh SPA-58 (2024-11-12)
Qatargas 2022-2026-41 (2024-11-27)
Petronas DES 2020-2024-30 (2024-11-15)
Tangguh SPA-59 (2024-11-29)","NWS Equity -57 (2024-12-07)
OMAN FOB SPA-111 (2024-12-16)
Tangguh SPA-60 (2024-12-15)
Qatargas 2022-2026-42 (2024-12-27)
OMAN FOB SPA-112 (2024-12-31)","Tangguh SPA-61 (2025-01-01)
Qatargas 2022-2026-43 (2025-01-27)
Tangguh SPA-62 (2025-01-25)","NWS Equity -58 (2025-02-05)
Qatargas 2022-2026-44 (2025-02-27)
Tangguh SPA-63 (2025-02-21)","Qatargas 2022-2026-45 (2025-03-20)
Tangguh SPA-64 (2025-03-19)","Qatargas 2022-2026-46 (2025-04-08)
NWS Equity -59 (2025-04-06)
Tangguh SPA-65 (2025-04-15)
Qatargas 2022-2026-47 (2025-04-27)","Tangguh SPA-66 (2025-05-11)
Qatargas 2022-2026-48 (2025-05-27)","Tangguh SPA-67 (2025-06-07)
Qatargas 2022-2026-49 (2025-06-27)","Tangguh SPA-68 (2025-07-03)
Qatargas 2022-2026-50 (2025-07-27)
Tangguh SPA-69 (2025-07-30)","NWS Equity -60 (2025-08-07)
Qatargas 2022-2026-51 (2025-08-27)
Tangguh SPA-70 (2025-08-25)","Qatargas 2022-2026-52 (2025-09-20)
Tangguh SPA-71 (2025-09-21)","Qatargas 2022-2026-53 (2025-10-09)
Tangguh SPA-72 (2025-10-17)
Qatargas 2022-2026-54 (2025-10-27)","Tangguh SPA-73 (2025-11-13)
Qatargas 2022-2026-55 (2025-11-27)","NWS Equity -61 (2025-12-08)
Tangguh SPA-75 (2025-12-09)
Qatargas 2022-2026-56 (2025-12-27)","Tangguh SPA-76 (2026-01-05)
Qatargas 2022-2026-57 (2026-01-27)",Qatargas 2022-2026-58 (2026-02-27),Qatargas 2022-2026-59 (2026-03-20),"Qatargas 2022-2026-60 (2026-04-08)
NWS Equity -62 (2026-04-10)
Qatargas 2022-2026-61 (2026-04-27)",Qatargas 2022-2026-62 (2026-05-27),Qatargas 2022-2026-63 (2026-06-27),Qatargas 2022-2026-64 (2026-07-27),Qatargas 2022-2026-65 (2026-08-27),Qatargas 2022-2026-66 (2026-09-20),"Qatargas 2022-2026-67 (2026-10-09)
NWS Equity -63 (2026-10-09)
Qatargas 2022-2026-68 (2026-10-27)",Qatargas 2022-2026-69 (2026-11-27),Qatargas 2022-2026-70 (2026-12-27),,NWS Equity -65 (2027-02-08),,,,NWS Equity -66 (2027-06-10),,,,NWS Equity -67 (2027-10-10),,,,,,,,,,,,,,,,,,,,,,,,,,,,,,,,,,,,,,,,,,,,,,,,,,,,,,,,,,,,,,,,,,,,,,,,,,,,,,,,,,,,,,,,,,,,,,,,,,,,,,,,,,,,,,,,,,,,,,,,,,,,,,,,,,,,,,,,
Longs against TAC Middle East,,,,,,,1,,,1,1,1,,,1,,,2,1,2,1,,,,,,,,,,1,,,,,,12,,,,1,,1,1,,1,1,1,1,,1,1,1,,1,,,,,,,,,,,,,,,,,,,,,,,,,,,,,,,,,,,,,,,,,,,,,,,,,,,,,,,,,,,,,,,,,,,,,,,,,,,,,,,,,,,,,,,,,,,,,,,,,,,,,,,,,,,,,,,,,,,,,,,,,,,,,,,,,,,,,,,,,,,,,,,,,,,,,,,,,,,,,
Longs against TAC Middle East Details,,,,,,,OMAN FOB SPA-67 Divertible (2022-02-26),,,OMAN FOB SPA-70 Divertible (2022-05-06),T4-271 (2022-06-24),OMAN FOB SPA-73 Divertible (2022-07-24),,,OMAN FOB SPA-76 Divertible (2022-10-11),,,"Oman 2022-2025-09 (2023-01-13)
OMAN FOB SPA-81 (2023-01-31)",OMAN FOB SPA-82 (2023-02-22),"OMAN FOB SPA UQT-14 (2023-03-08)
OMAN FOB SPA-84 (2023-03-24)",OMAN FOB SPA-85 (2023-04-12),,,,,,,,,,OMAN FOB SPA-98 (2024-02-19),,,,,,,,,,Oman 2022-2025-25 (2024-11-29),,Oman 2022-2025-26 (2025-01-12),Oman 2022-2025-27 (2025-02-21),,Oman 2022-2025-28 (2025-04-02),Oman 2022-2025-29 (2025-05-12),Oman 2022-2025-30 (2025-06-21),Oman 2022-2025-31 (2025-07-31),,Oman 2022-2025-32 (2025-09-09),Oman 2022-2025-33 (2025-10-19),Oman 2022-2025-34 (2025-11-28),,Oman 2022-2025-35 (2026-01-07),,,,,,,,,,,,,,,,,,,,,,,,,,,,,,,,,,,,,,,,,,,,,,,,,,,,,,,,,,,,,,,,,,,,,,,,,,,,,,,,,,,,,,,,,,,,,,,,,,,,,,,,,,,,,,,,,,,,,,,,,,,,,,,,,,,,,,,,,,,,,,,,,,,,,,,,,,,,,
Longs against TAC Europe,,,,,5,2,1,2,3,4,5,6,6,9,9,5,6,6,3,4,7,6,6,7,9,10,3,3,5,4,3,5,3,1,6,1,155,2,2,1,6,7,8,6,9,7,7,6,6,7,7,9,6,8,8,7,8,7,8,6,5,8,7,7,6,6,6,7,7,5,3,2,2,3,2,2,,,,,,,,,,,,,,,,,,,,,,,,,,,,,,,,,,,,,,,,,,,,,,,,,,,,,,,,,,,,,,,,,,,,,,,,,,,,,,,,,,,,,,,,,,,,,,,,,,,,,,,,,,,,,,,,,,,,,,,,,,,,,,,,,,,,,,,,
Longs against TAC Europe Details,,,,,"Freeport -114 (2021-12-09)
PPT 2021-07 (2021-12-19)
Darwin LNG 2021-04a (2021-12-31)
Freeport -110 (2021-12-28)
Gazprom Iberia Strip-16 (2021-12-21)","EGAS 2021-2026-04 (2022-01-22)
ALNG23-32 (2022-01-28)",Gazprom Iberia Strip-17 (2022-02-24),"Naturgy Atlantic FOB strip 21-24-05 (2022-03-01)
Freeport -130 (2022-03-09)","Freeport -135 (2022-04-07)
Freeport -268 (2022-04-14)
Gazprom Iberia Strip-18 (2022-04-24)","Cheniere FOB Strip 2022-23-01 (2022-05-07)
Freeport -139 (2022-05-25)
GAIL 2021-02 (2022-05-18)
Freeport -140 (2022-05-17)","Cheniere FOB Strip 2022-23-02 (2022-06-01)
Freeport -145 (2022-06-26)
Freeport -146 (2022-06-23)
Freeport -147 (2022-06-29)
Gazprom Iberia Strip-19 (2022-06-26)","Freeport -148 (2022-07-03)
Cheniere FOB Strip 2022-23-03 (2022-07-06)
Naturgy Atlantic FOB strip 21-24-08 (2022-07-10)
Freeport -151 (2022-07-18)
Naturgy Atlantic FOB strip 21-24-09 (2022-07-29)
Freeport -153 (2022-07-31)","Cheniere FOB Strip 2022-23-04 (2022-08-11)
Freeport -155 (2022-08-13)
Gazprom Iberia Strip-20 (2022-08-01)
Freeport -156 (2022-08-16)
Cheniere FOB Strip 2022-23-05 (2022-08-29)
Freeport -158 (2022-08-31)","Freeport -159 (2022-09-06)
Woodside 2021-06 (2022-09-10)
Freeport -160 (2022-09-12)
Freeport -161 (2022-09-16)
Freeport -162 (2022-09-21)
Cheniere FOB Strip 2022-23-06 (2022-09-23)
Freeport -055 (2022-09-27)
ALNG23-33 (2022-09-28)
Naturgy Atlantic FOB strip 21-24-11 (2022-09-28)","Freeport -164 (2022-10-04)
Freeport -165 (2022-10-10)
Gazprom Iberia Strip-21 (2022-10-01)
Freeport -166 (2022-10-17)
Freeport -167 (2022-10-23)
T4-283 (2022-10-19)
Freeport -168 (2022-10-28)
EPRESOURCES 2021-03 (2022-10-15)
Shell 2022-01 (2022-10-27)","Freeport -169 (2022-11-03)
Freeport -170 (2022-11-09)
Naturgy Atlantic FOB strip 21-24-13 (2022-11-16)
Freeport -104 (2022-11-22)
Freeport -333 (2022-11-30)","Freeport -174 (2022-12-05)
Freeport -175 (2022-12-10)
Gazprom Iberia Strip-22 (2022-12-03)
Freeport -176 (2022-12-18)
Freeport -177 (2022-12-24)
T4-289 (2022-12-29)","Freeport -185 (2023-01-04)
Freeport -186 (2023-01-07)
Freeport -188 (2023-01-19)
Freeport -189 (2023-01-24)
ALNG23-34 (2023-01-26)
Freeport -190 (2023-01-30)","Gazprom Iberia Strip-23 (2023-02-01)
Freeport -258 (2023-02-23)
EGAS 2021-2026-11 (2023-02-28)","Freeport -194 (2023-03-01)
Freeport -195 (2023-03-05)
Freeport -197 (2023-03-23)
Freeport -198 (2023-03-26)","Naturgy Atlantic FOB strip 21-24-16 (2023-04-01)
Freeport -199 (2023-04-02)
Freeport -200 (2023-04-07)
Cheniere FOB Strip 2022-23-07 (2023-04-15)
Gazprom Iberia Strip-24 (2023-04-01)
Freeport -204 (2023-04-19)
Freeport -205 (2023-04-24)","Freeport -264 (2023-05-12)
Cheniere FOB Strip 2022-23-08 (2023-05-15)
Freeport -265 (2023-05-19)
Freeport -266 (2023-05-25)
Freeport -211 (2023-05-31)
T4-295 (2023-05-31)","Naturgy Atlantic FOB strip 21-24-18 (2023-06-03)
Freeport -213 (2023-06-12)
Cheniere FOB Strip 2022-23-09 (2023-06-15)
Gazprom Iberia Strip-25 (2023-06-01)
T4-301 (2023-06-25)
Freeport -216 (2023-06-30)","Freeport -217 (2023-07-06)
T4-305 (2023-07-11)
Cheniere FOB Strip 2022-23-10 (2023-07-15)
Freeport -222a (2023-07-24)
T4-306 (2023-07-22)
ALNG23-35 (2023-07-29)
Freeport -221 (2023-07-30)","Freeport -222 (2023-08-04)
Naturgy Atlantic FOB strip 21-24-20 (2023-08-08)
Freeport -223 (2023-08-10)
Cheniere FOB Strip 2022-23-11 (2023-08-15)
Gazprom Iberia Strip-26 (2023-08-01)
T4-308 (2023-08-20)
Freeport -225 (2023-08-25)
Shell 2023-01 (2023-08-27)
Freeport -226 (2023-08-31)","T4-310 (2023-09-02)
Freeport -227 (2023-09-05)
Freeport -228 (2023-09-12)
Cheniere FOB Strip 2022-23-12 (2023-09-15)
Freeport -229 (2023-09-17)
T4-311 (2023-09-17)
Freeport -230 (2023-09-24)
Freeport -231 (2023-09-27)
Freeport -259 (2023-09-30)
T4-312 (2023-09-28)","Freeport -232 (2023-10-05)
Gazprom Iberia Strip-27 (2023-10-01)
Freeport -235 (2023-10-26)","Freeport -237 (2023-11-07)
Freeport -238 (2023-11-13)
Naturgy Atlantic FOB strip 21-24-22 (2023-11-16)","Freeport -242 (2023-12-06)
Gazprom Iberia Strip-28 (2023-12-01)
T4-317 (2023-12-16)
Freeport -245 (2023-12-19)
Freeport -246 (2023-12-30)","Freeport -248 (2024-01-11)
Freeport -249 (2024-01-17)
Freeport -250 (2024-01-22)
Freeport -251 (2024-01-29)","Freeport -252 (2024-02-04)
Freeport -394 (2024-02-28)
EGAS 2021-2026-17 (2024-02-28)","Freeport -390 (2024-03-05)
Freeport -391 (2024-03-11)
Freeport -260 (2024-03-23)
Freeport -261 (2024-03-29)
T4-324 (2024-03-31)","Naturgy Atlantic FOB strip 21-24-25 (2024-04-01)
Freeport -267 (2024-04-17)
Freeport -393 (2024-04-23)",Freeport -273 (2024-05-28),"Freeport -275 (2024-06-04)
Naturgy Atlantic FOB strip 21-24-27 (2024-06-03)
Freeport -276 (2024-06-10)
T4-329 (2024-06-15)
Freeport -278 (2024-06-22)
Freeport -279 (2024-06-28)",Freeport -283 (2024-07-22),,"Freeport -285 (2024-08-03)
Naturgy Atlantic FOB strip 21-24-29 (2024-08-08)","Freeport -286 (2024-09-02)
Freeport -293 (2024-09-25)",EGAS 2021-2026-19 (2024-10-24),"Freeport -301 (2024-11-10)
Freeport -302 (2024-11-16)
Freeport -303 (2024-11-22)
T4-424 (2024-11-23)
EGAS 2021-2026-20 (2024-11-24)
Freeport -305 (2024-11-28)","Freeport -306 (2024-12-04)
T4-425 (2024-12-06)
Freeport -307 (2024-12-10)
T4-426 (2024-12-18)
Freeport -309 (2024-12-22)
EGAS 2021-2026-21 (2024-12-27)
T4-427 (2024-12-31)","Freeport -310 (2025-01-03)
Freeport -311 (2025-01-09)
T4-428 (2025-01-13)
Freeport -312-25 (2025-01-15)
Freeport -313 (2025-01-21)
T4-429 (2025-01-25)
Freeport -314 (2025-01-27)
EGAS 2021-2026-22 (2025-01-24)","Freeport -315 (2025-02-02)
T4-430 (2025-02-07)
Freeport -317 (2025-02-14)
T4-431 (2025-02-19)
Freeport -322 (2025-02-26)
EGAS 2021-2026-23 (2025-02-24)","Freeport -319 (2025-03-04)
T4-432 (2025-03-04)
Freeport -320 (2025-03-10)
Freeport -321 (2025-03-16)
T4-433 (2025-03-17)
Freeport -323 (2025-03-22)
EGAS 2021-2026-24 (2025-03-24)
Freeport -324 (2025-03-28)
T4-434 (2025-03-29)","Freeport -326 (2025-04-09)
T4-435 (2025-04-11)
Freeport -327 (2025-04-13)
Freeport -328 (2025-04-18)
T4-436 (2025-04-23)
Freeport -329 (2025-04-24)
Freeport -330 (2025-04-30)","Freeport -331 (2025-05-06)
T4-437 (2025-05-06)
Freeport -459 (2025-05-18)
T4-438 (2025-05-19)
Freeport -460 (2025-05-24)
Freeport -335 (2025-05-30)
T4-439 (2025-05-31)","Freeport -336 (2025-06-05)
Freeport -337 (2025-06-10)
T4-440 (2025-06-13)
Freeport -338 (2025-06-16)
Freeport -339 (2025-06-22)
T4-441 (2025-06-25)","Freeport -341 (2025-07-04)
T4-442 (2025-07-08)
Freeport -343 (2025-07-16)
T4-443 (2025-07-20)
Freeport -344 (2025-07-22)
Freeport -345 (2025-07-28)","Freeport -346 (2025-08-02)
T4-444 (2025-08-02)
Freeport -348 (2025-08-14)
T4-445 (2025-08-15)
Freeport -349 (2025-08-20)
Freeport -350 (2025-08-26)
T4-446 (2025-08-27)","Freeport -351 (2025-09-01)
Freeport -352 (2025-09-07)
T4-447 (2025-09-09)
Freeport -353 (2025-09-13)
Freeport -354 (2025-09-19)
T4-448 (2025-09-21)
Freeport -356 (2025-09-30)","T4-449 (2025-10-04)
Freeport -357 (2025-10-06)
Freeport -358 (2025-10-12)
Freeport -359 (2025-10-18)
T4-450 (2025-10-17)
Freeport -360 (2025-10-24)
EGAS 2021-2026-25 (2025-10-24)
T4-451 (2025-10-29)
Freeport -361 (2025-10-30)","T4-452 (2025-11-11)
Freeport -364 (2025-11-16)
Freeport -365 (2025-11-22)
T4-453 (2025-11-23)
EGAS 2021-2026-26 (2025-11-24)
Freeport -366 (2025-11-28)","Freeport -367 (2025-12-04)
T4-454 (2025-12-06)
Freeport -368 (2025-12-10)
Freeport -369 (2025-12-16)
T4-455 (2025-12-19)
EGAS 2021-2026-27 (2025-12-24)
Freeport -371 (2025-12-28)
T4-456 (2025-12-31)","Freeport -372 (2026-01-03)
Freeport -373 (2026-01-08)
Freeport -374 (2026-01-14)
T4-457 (2026-01-13)
Freeport -375 (2026-01-20)
T4-458 (2026-01-25)
Freeport -376 (2026-01-26)
EGAS 2021-2026-28 (2026-01-24)","Freeport -377 (2026-02-01)
T4-459 (2026-02-07)
Freeport -379 (2026-02-13)
Freeport -380 (2026-02-19)
T4-460 (2026-02-20)
Freeport -381 (2026-02-25)
EGAS 2021-2026-29 (2026-02-24)","Freeport -382 (2026-03-02)
T4-461 (2026-03-04)
Freeport -383 (2026-03-08)
T4-462 (2026-03-17)
Freeport -385 (2026-03-20)
Freeport -386 (2026-03-26)
EGAS 2021-2026-30 (2026-03-24)
T4-463 (2026-03-29)","Freeport -387 (2026-04-01)
Freeport -388 (2026-04-07)
T4-464 (2026-04-11)
Freeport -389 (2026-04-13)
Freeport -397 (2026-04-24)
T4-465 (2026-04-23)
Freeport -398 (2026-04-30)","Freeport -399 (2026-05-06)
T4-466 (2026-05-06)
Freeport -400 (2026-05-12)
Freeport -401 (2026-05-18)
T4-467 (2026-05-19)
Freeport -402 (2026-05-24)
Freeport -403 (2026-05-30)
T4-468 (2026-05-31)","Freeport -405 (2026-06-11)
T4-469 (2026-06-13)
Freeport -406 (2026-06-16)
Freeport -407 (2026-06-22)
T4-470 (2026-06-25)
Freeport -408 (2026-06-28)","Freeport -409 (2026-07-04)
T4-471 (2026-07-08)
Freeport -410 (2026-07-10)
T4-472 (2026-07-21)
Freeport -413 (2026-07-28)","Freeport -414 (2026-08-03)
T4-473 (2026-08-02)
Freeport -415 (2026-08-08)
Freeport -416 (2026-08-14)
T4-474 (2026-08-15)
Freeport -417 (2026-08-20)
Freeport -418 (2026-08-26)
T4-475 (2026-08-27)","Freeport -420 (2026-09-07)
T4-476 (2026-09-09)
Freeport -421 (2026-09-13)
Freeport -422 (2026-09-19)
T4-477 (2026-09-22)
Freeport -423 (2026-09-25)
Freeport -424 (2026-09-30)","T4-478 (2026-10-04)
Freeport -425 (2026-10-06)
Freeport -426 (2026-10-12)
T4-479 (2026-10-17)
Freeport -428 (2026-10-24)
T4-480 (2026-10-29)
Freeport -429 (2026-10-30)","Freeport -430 (2026-11-05)
Freeport -431 (2026-11-11)
T4-481 (2026-11-11)
Freeport -433 (2026-11-23)
T4-482 (2026-11-23)
Freeport -434 (2026-11-28)","T4-483 (2026-12-06)
Freeport -436 (2026-12-10)
Freeport -437 (2026-12-16)
Freeport -438 (2026-12-22)
Freeport -439 (2026-12-28)
T4-484 (2026-12-31)","Freeport -440 (2027-01-03)
Freeport -441 (2027-01-09)
T4-485 (2027-01-13)
Freeport -442 (2027-01-15)
Freeport -444 (2027-01-26)
T4-486 (2027-01-25)","Freeport -445 (2027-02-01)
Freeport -446 (2027-02-07)
T4-487 (2027-02-07)
Freeport -447 (2027-02-13)
Freeport -448 (2027-02-19)
T4-488 (2027-02-20)
Freeport -449 (2027-02-25)","Freeport -450 (2027-03-03)
T4-489 (2027-03-04)
Freeport -451 (2027-03-09)
Freeport -452 (2027-03-14)
T4-490 (2027-03-17)
Freeport -454 (2027-03-26)
T4-491 (2027-03-29)","Freeport -455 (2027-04-01)
Freeport -456 (2027-04-07)
T4-492 (2027-04-11)
Freeport -457 (2027-04-13)
T4-493 (2027-04-24)","T4-494 (2027-05-06)
T4-495 (2027-05-19)
T4-496 (2027-05-31)","T4-497 (2027-06-13)
T4-498 (2027-06-26)","T4-499 (2027-07-08)
T4-500 (2027-07-21)","T4-501 (2027-08-02)
T4-502 (2027-08-15)
T4-503 (2027-08-27)","T4-504 (2027-09-09)
T4-505 (2027-09-22)","T4-506 (2027-10-04)
T4-507 (2027-10-17)",,,,,,,,,,,,,,,,,,,,,,,,,,,,,,,,,,,,,,,,,,,,,,,,,,,,,,,,,,,,,,,,,,,,,,,,,,,,,,,,,,,,,,,,,,,,,,,,,,,,,,,,,,,,,,,,,,,,,,,,,,,,,,,,,,,,,,,,
Longs against TAC Atlantic,,,,2,1,3,2,,2,,,1,,,,,,,,,,,,,,,,,,,,,,,,,11,,,,,,,,,,,,,,,,,,,,,,,,,,,,,,,,,,,,,,,,,,,,,,,,,,,,,,,,,,,,,,,,,,,,,,,,,,,,,,,,,,,,,,,,,,,,,,,,,,,,,,,,,,,,,,,,,,,,,,,,,,,,,,,,,,,,,,,,,,,,,,,,,,,,,,,,,,,,,,,,,,,,,,,,,,,,,,,
Longs against TAC Atlantic Details,,,,"Freeport -113 (2021-11-15)
BPEC 2021-05 (2021-11-23)",Engie SG 2021-03 (2021-12-02),"Freeport -120 (2022-01-12)
OSAKA GAS ENERGY SG 2021-03 (2022-01-19)
Freeport -122 (2022-01-22)","Freeport -071 (2022-02-14)
Freeport -129 (2022-02-28)",,"T4-266 (2022-04-15)
Freeport -137 (2022-04-29)",,,Freeport -149 (2022-07-07),,,,,,,,,,,,,,,,,,,,,,,,,,,,,,,,,,,,,,,,,,,,,,,,,,,,,,,,,,,,,,,,,,,,,,,,,,,,,,,,,,,,,,,,,,,,,,,,,,,,,,,,,,,,,,,,,,,,,,,,,,,,,,,,,,,,,,,,,,,,,,,,,,,,,,,,,,,,,,,,,,,,,,,,,,,,,,,,,,,,,,,,,,,,,,,,,,,,,,,,
Longs against IoG,,1,,1,,,,,,,,,,,,,,,1,,,,,,,,1,,,,,,,,,,4,,,1,,,,,,,,,,,,,,,,,,,,,,,,,,,,,,,,,,,,,,,,,,,,,,,,,,,,,,,,,,,,,,,,,,,,,,,,,,,,,,,,,,,,,,,,,,,,,,,,,,,,,,,,,,,,,,,,,,,,,,,,,,,,,,,,,,,,,,,,,,,,,,,,,,,,,,,,,,,,,,,,,,,,,,,,,,,,
Longs against IoG Details,,Trafigura 2021-02 (2021-09-28),,Novatek 2021-05 (2021-11-19),,,,,,,,,,,,,,,BPGM IoG-130 (2023-02-04),,,,,,,,Freeport -234 (2023-10-15),,,,,,,,,,,,,BPGM IoG-241 (2024-10-10),,,,,,,,,,,,,,,,,,,,,,,,,,,,,,,,,,,,,,,,,,,,,,,,,,,,,,,,,,,,,,,,,,,,,,,,,,,,,,,,,,,,,,,,,,,,,,,,,,,,,,,,,,,,,,,,,,,,,,,,,,,,,,,,,,,,,,,,,,,,,,,,,,,,,,,,,,,,,,,,,,,,,,,,,,,,
Shorts against TAC Pacific,,,,,,-4,-8,-4,-6,-8,-8,-5,-8,-7,-3,-7,-5,-2,-2,-1,-2,-4,-5,-4,-3,-1,-5,-2,-3,-2,-4,-2,-3,-3,-4,-2,-127,-2,-1,-1,-1,-12,-7,-7,-11,-7,-7,-8,-10,-9,-7,-8,-8,-10,-8,-8,-10,-6,-9,-8,-11,-8,-8,-8,-9,-9,-8,-4,-8,-2,-3,-3,-3,-3,-2,-3,-2,-4,-3,-3,-2,-2,-3,-2,-4,-2,-3,-2,-3,-3,-4,-2,-3,-2,-3,-3,-3,-3,-2,-3,-2,-4,-3,-3,-2,-2,-3,-2,-4,-2,-3,-2,-3,-3,-4,-2,-3,-2,-3,-3,-3,-3,-2,-3,-2,-4,-3,-3,-2,-2,-3,-2,-4,-2,-3,-2,-3,-3,-3,-2,-3,-1,-3,-3,-2,-3,-1,-3,-2,-3,,-1,,,-1,,-1,,-1,,-1,,-1,,-1,,-1,-1,,-1,,-1,,-1,,-1,,,-1,,,-1,,-1,,,,-1,,,-1,,,-1,,-1,,,,-1,,,-1,,,-1,,,,,,-1
Shorts against TAC Pacific Details,,,,,,"Unipec 2021-19 (2022-01-01)
Pavilion 2021-06 (2022-01-03)
Kansai-BPS SPA 1-39 (2022-01-15)
JERA (Chubu)-BPS SPA-40 (2022-01-24)","Kansai-BPS SPA 2-47 SMC (2022-02-03)
Kogas 2021 Strip-07 (2022-02-06)
CPC 2021-04 Cargo 2 (2022-02-10)
Unipec 2021-23 (2022-02-16)
ENN 2021 Strip -16 (2022-02-18)
CPC 2021-04 Cargo 3 (2022-02-21)
Kogas 2021 Strip-08 (2022-02-24)
Tohoku Strip DES Japan 2022-2023-01 (2022-02-24)","Kogas 2021 Strip-09 (2022-03-14)
JERA (Chubu)-BPS SPA-42 (2022-03-14)
CNOOC 2019-2039-46 (2022-03-20)
BPCHC 2021-2022-11 (2022-03-28)","Mitsui JP 2021-09 (2022-04-01)
Kansai-BPS SPA 2-49 (2022-04-01)
GZG SPA 2022-2034-01 (2022-04-05)
CNOOC 2019-2039-47 (2022-04-13)
JERA (Chubu)-BPS SPA-43 (2022-04-24)
BPCHC 2021-2022-12 (2022-04-29)","PTT-SPA-2018-106 (2022-05-01)
OMV JKTC Strip 2022-23-01 (2022-05-01)
Kansai-BPS SPA 2-50 (2022-05-07)
CNOOC 2019-2039-48 (2022-05-07)
Enel 2021-01 (2022-05-14)
GZG SPA 2022-2034-02 (2022-05-18)
BPCHC 2021-2022-13 (2022-05-30)
CNOOC 2019-2039-49 (2022-05-31)","Pavilion SPA DES-01 (2022-06-01)
TAC JERA (TEPCO)-BPS SPA-70 (2022-06-07)
Kansai-BPS SPA 2-51 (2022-06-12)
PTT-SPA-2018-70 (2022-06-13)
PTT-SPA-2018-71 (2022-06-22)
Kogas 2021 Strip-10 (2022-06-25)
Tohoku Strip DES Japan 2022-2023-02 (2022-06-29)
GZG SPA 2022-2034-03 (2022-06-30)","PTT-SPA-2018-72 (2022-07-02)
BPCHC 2021-2022-14 (2022-07-05)
Kansai-BPS SPA 2-52 (2022-07-18)
TAC CNOOC 2019-2039-51 (2022-07-21)
PTT-SPA-2018-73 (2022-07-23)","Kogas 2021 Strip-11 (2022-08-01)
BPCHC 2021-2022-15 (2022-08-02)
JERA (Chubu)-BPS SPA-45 (2022-08-08)
CNOOC 2019-2039-52 (2022-08-11)
GZG SPA 2022-2034-04 (2022-08-12)
Kansai-BPS SPA 1-43 (2022-08-15)
PTT-SPA-2018-74 (2022-08-15)
Tohoku Strip DES Japan 2022-2023-03 (2022-08-28)","BPCHC 2021-2022-16 (2022-09-02)
CNOOC 2019-2039-53 (2022-09-06)
JERA (TEPCO)-BPS SPA-74 (2022-09-07)
PTT-SPA-2018-75 (2022-09-11)
GZG SPA 2022-2034-05 (2022-09-24)
JERA (Chubu)-BPS SPA-46 (2022-09-27)
JERA (TEPCO)-BPS SPA-75 (2022-09-30)","BPCHC 2021-2022-10 (2022-10-02)
CNOOC 2019-2039-55 (2022-10-22)
OMV JKTC Strip 2022-23-02 (2022-10-27)","BPCHC 2021-2022-17 (2022-11-02)
Kansai-BPS SPA 2-55 (2022-11-03)
GZG SPA 2022-2034-06 (2022-11-06)
PTT-SPA-2018-78 (2022-11-13)
Kansai-BPS SPA 1-45 (2022-11-15)
JERA (TEPCO)-BPS SPA-77 (2022-11-15)
CNOOC 2019-2039-56 (2022-11-17)","BPCHC 2021-2022-18 (2022-12-02)
OG T3 2016-18 (2022-12-05)
PTT-SPA-2018-79 (2022-12-06)
CNOOC 2019-2039-57 (2022-12-11)
GZG SPA 2022-2034-07 DQT (2022-12-20)","GZG SPA 2022-2034-08 (2023-01-05)
PTT-SPA-2018-80 (2023-01-05)","CNOOC 2019-2039-59 (2023-02-11)
GZG SPA 2022-2034-09 DQT (2023-02-12)",GZG SPA 2022-2034-10 (2023-03-23),"TAC PTT-SPA-2018-83 (2023-04-01)
BPCHC SZG 2023-2032-01 (2023-04-08)","OMV JKTC Strip 2022-23-03 (2023-05-01)
Shizuoka 2020-02 (2023-05-01)
GZG SPA 2022-2034-11 (2023-05-01)
JERA (Chubu)-BPS SPA-50 (2023-05-19)","PTT-SPA-2018-107 (2023-06-08)
GZG SPA 2022-2034-12 (2023-06-09)
JERA (TEPCO)-BPS SPA-87 (2023-06-20)
PTT-SPA-2018-86 (2023-06-24)
Tohoku Strip DES Japan 2022-2023-04 (2023-06-29)","Shizuoka 2020-05 (2023-07-01)
BPCHC SZG 2023-2032-02 (2023-07-05)
GZG SPA 2022-2034-13 (2023-07-18)
Kansai-BPS SPA 2-59 (2023-07-18)","GZG SPA 2022-2034-14 (2023-08-26)
Tohoku Strip DES Japan 2022-2023-05 (2023-08-28)
JERA (Chubu)-BPS SPA-52 (2023-08-31)",PTT-SPA-2018-89 (2023-09-23),"BPCHC SZG 2023-2032-03 (2023-10-01)
GZG SPA 2022-2034-15 (2023-10-04)
PTT-SPA-2018-90 (2023-10-24)
OMV JKTC Strip 2022-23-04 (2023-10-27)
Tohoku Strip DES Japan 2022-2023-06 (2023-10-30)","PTT-SPA-2018-108 (2023-11-06)
GZG SPA 2022-2034-16 (2023-11-12)","JERA (TEPCO)-BPS SPA-94 (2023-12-05)
BPCHC SZG 2023-2032-04 (2023-12-09)
GZG SPA 2022-2034-17 (2023-12-21)","GZG SPA 2022-2034-18 (2024-01-05)
Pavilion DES 2024-2033-01 (2024-01-15)","CNOOC 2019-2039-75 (2024-02-11)
GZG SPA 2022-2034-19 DQT (2024-02-12)
Pavilion DES 2024-2033-02 (2024-02-15)
JERA (TEPCO)-BPS SPA-97 (2024-02-15)","Pavilion DES 2024-2033-03 (2024-03-15)
GZG SPA 2022-2034-20 (2024-03-22)","BPCHC SZG 2023-2032-05 (2024-04-08)
Pavilion DES 2024-2033-04 (2024-04-15)
PTT-SPA-2018-109 (2024-04-15)","GZG SPA 2022-2034-21 (2024-05-01)
CNOOC 2019-2039-78 (2024-05-05)
Kansai-BPS SPA 2-62 (2024-05-15)","JERA (TEPCO)-BPS SPA-102 (2024-06-03)
GZG SPA 2022-2034-22 (2024-06-08)
PTT-SPA-2018-110 (2024-06-12)
PTT-SPA-2018-101 (2024-06-27)","BPCHC SZG 2023-2032-06 (2024-07-05)
JERA (Chubu)-BPS SPA-58 (2024-07-05)",,"Kansai-BPS SPA 2-64 (2024-08-14)
GZG SPA 2022-2034-23 (2024-08-25)",GZG SPA 2022-2034-24 (2024-09-26),BPCHC SZG 2023-2032-07 (2024-10-01),Kansai-BPS SPA 2-66 (2024-11-12),"CNOOC 2019-2039-87 (2024-12-02)
JERA (TEPCO)-BPS SPA-110 (2024-12-03)
Kansai-BPS SPA 1-58 (2024-12-04)
JERA (Chubu)-BPS SPA-61 (2024-12-11)
Pavilion DES 2024-2033-12 (2024-12-15)
PTT-SPA-2018-141 (2024-12-18)
JERA (TEPCO)-BPS SPA-111 (2024-12-26)
CNOOC 2019-2039-88 (2024-12-26)
Kansai-BPS SPA 2-67 (2024-12-27)
Pavilion SPA DES-09 (2024-12-27)
BPCHC SZG 2023-2032-08 (2024-12-28)
GZG SPA 2022-2034-27 (2024-12-31)","GZG SPA 2022-2034-28 (2025-01-05)
CNOOC 2019-2039-89 (2025-01-09)
Pavilion DES 2024-2033-13 (2025-01-15)
CNOOC 2019-2039-90 (2025-01-16)
JERA (TEPCO)-BPS SPA-112 (2025-01-17)
Kansai-BPS SPA 1-59 (2025-01-18)
BPCHC SZG 2023-2032-09 (2025-01-20)","JERA (Chubu)-BPS SPA-62 (2025-02-01)
JERA (TEPCO)-BPS SPA-113 (2025-02-09)
CNOOC 2019-2039-91 (2025-02-09)
Kansai-BPS SPA 2-68 (2025-02-10)
PTT-SPA-2018-111 (2025-02-11)
GZG SPA 2022-2034-29 (2025-02-13)
Pavilion DES 2024-2033-14 (2025-02-15)","JERA (TEPCO)-BPS SPA-114 (2025-03-03)
Kansai-BPS SPA 1-60 (2025-03-04)
CNOOC 2019-2039-92 (2025-03-05)
PTT-SPA-2018-112 (2025-03-07)
Pavilion DES 2024-2033-15 (2025-03-15)
GZG SPA 2022-2034-30 (2025-03-24)
JERA (Chubu)-BPS SPA-63 (2025-03-25)
JERA (TEPCO)-BPS SPA-115 (2025-03-26)
Kansai-BPS SPA 2-69 (2025-03-27)
CNOOC 2019-2039-93 (2025-03-29)
PTT-SPA-2018-113 (2025-03-31)","BPCHC SZG 2023-2032-10 (2025-04-12)
Pavilion DES 2024-2033-16 (2025-04-15)
JERA (TEPCO)-BPS SPA-116 (2025-04-17)
Kansai-BPS SPA 1-61 (2025-04-19)
CNOOC 2019-2039-94 (2025-04-22)
PTT-SPA-2018-114 (2025-04-24)
Pavilion SPA DES-10 (2025-04-28)","GZG SPA 2022-2034-31 (2025-05-02)
JERA (TEPCO)-BPS SPA-117 (2025-05-10)
Kansai-BPS SPA 2-70 (2025-05-12)
Pavilion DES 2024-2033-17 (2025-05-15)
JERA (Chubu)-BPS SPA-64 (2025-05-16)
CNOOC 2019-2039-95 (2025-05-16)
PTT-SPA-2018-115 (2025-05-18)","JERA (TEPCO)-BPS SPA-118 (2025-06-01)
Kansai-BPS SPA 1-62 (2025-06-04)
CNOOC 2019-2039-96 (2025-06-09)
GZG SPA 2022-2034-32 (2025-06-10)
PTT-SPA-2018-116 (2025-06-11)
Pavilion DES 2024-2033-18 (2025-06-15)
JERA (TEPCO)-BPS SPA-119 (2025-06-24)
Kansai-BPS SPA 2-71 (2025-06-27)","CNOOC 2019-2039-97 (2025-07-03)
BPCHC SZG 2023-2032-11 (2025-07-04)
PTT-SPA-2018-117 (2025-07-05)
JERA (Chubu)-BPS SPA-65 (2025-07-07)
Pavilion DES 2024-2033-19 (2025-07-15)
JERA (TEPCO)-BPS SPA-120 (2025-07-16)
GZG SPA 2022-2034-33 (2025-07-19)
Kansai-BPS SPA 1-63 (2025-07-20)
CNOOC 2019-2039-98 (2025-07-27)
PTT-SPA-2018-118 (2025-07-29)","JERA (TEPCO)-BPS SPA-121 (2025-08-08)
Kansai-BPS SPA 2-72 (2025-08-12)
Pavilion DES 2024-2033-20 (2025-08-15)
CNOOC 2019-2039-99 (2025-08-20)
PTT-SPA-2018-119 (2025-08-22)
GZG SPA 2022-2034-34 (2025-08-27)
JERA (Chubu)-BPS SPA-66 (2025-08-28)
Pavilion SPA DES-11 (2025-08-28)
JERA (TEPCO)-BPS SPA-122 (2025-08-30)","Kansai-BPS SPA 1-64 (2025-09-04)
CNOOC 2019-2039-100 (2025-09-13)
Pavilion DES 2024-2033-21 (2025-09-15)
PTT-SPA-2018-120 (2025-09-15)
JERA (TEPCO)-BPS SPA-123 (2025-09-22)
BPCHC SZG 2023-2032-12 (2025-09-24)
Kansai-BPS SPA 2-73 (2025-09-27)","GZG SPA 2022-2034-35 (2025-10-05)
CNOOC 2019-2039-101 (2025-10-07)
PTT-SPA-2018-121 (2025-10-09)
JERA (TEPCO)-BPS SPA-124 (2025-10-14)
Pavilion DES 2024-2033-22 (2025-10-15)
JERA (Chubu)-BPS SPA-67 (2025-10-19)
Kansai-BPS SPA 1-65 (2025-10-20)
CNOOC 2019-2039-102 (2025-10-31)","PTT-SPA-2018-122 (2025-11-02)
JERA (TEPCO)-BPS SPA-125 (2025-11-06)
Kansai-BPS SPA 2-74 (2025-11-12)
GZG SPA 2022-2034-36 (2025-11-13)
Pavilion DES 2024-2033-23 (2025-11-15)
CNOOC 2019-2039-103 (2025-11-24)
PTT-SPA-2018-123 (2025-11-26)
JERA (TEPCO)-BPS SPA-126 (2025-11-28)","Kansai-BPS SPA 1-66 (2025-12-05)
JERA (Chubu)-BPS SPA-68 (2025-12-10)
Pavilion DES 2024-2033-24 (2025-12-15)
BPCHC SZG 2023-2032-13 (2025-12-16)
CNOOC 2019-2039-104 (2025-12-18)
PTT-SPA-2018-124 (2025-12-20)
JERA (TEPCO)-BPS SPA-127 (2025-12-21)
GZG SPA 2022-2034-37 (2025-12-22)
Kansai-BPS SPA 2-75 (2025-12-28)
Pavilion SPA DES-12 (2025-12-28)","GZG SPA 2022-2034-38 (2026-01-05)
CNOOC 2019-2039-105 (2026-01-12)
JERA (TEPCO)-BPS SPA-128 (2026-01-12)
PTT-SPA-2018-125 (2026-01-13)
Pavilion DES 2024-2033-25 (2026-01-15)
BPCHC SZG 2023-2032-14 (2026-01-20)
Kansai-BPS SPA 1-67 (2026-01-20)
JERA (Chubu)-BPS SPA-69 (2026-01-31)","OG SPA 2026-2039-01 (2026-02-01)
JERA (TEPCO)-BPS SPA-129 (2026-02-04)
CNOOC 2019-2039-106 (2026-02-06)
PTT-SPA-2018-126 (2026-02-06)
Kansai-BPS SPA 2-76 (2026-02-12)
GZG SPA 2022-2034-39 (2026-02-13)
Pavilion DES 2024-2033-26 (2026-02-15)
JERA (TEPCO)-BPS SPA-130 (2026-02-26)","PTT-SPA-2018-127 (2026-03-02)
CNOOC 2019-2039-107 (2026-03-03)
Kansai-BPS SPA 1-68 (2026-03-07)
Pavilion DES 2024-2033-27 (2026-03-15)
JERA (TEPCO)-BPS SPA-131 (2026-03-21)
GZG SPA 2022-2034-40 (2026-03-24)
JERA (Chubu)-BPS SPA-70 (2026-03-24)
PTT-SPA-2018-128 (2026-03-26)
CNOOC 2019-2039-108 (2026-03-28)
Kansai-BPS SPA 2-77 (2026-03-30)","BPCHC SZG 2023-2032-15 (2026-04-12)
JERA (TEPCO)-BPS SPA-132 (2026-04-13)
Pavilion DES 2024-2033-28 (2026-04-15)
PTT-SPA-2018-129 (2026-04-19)
CNOOC 2019-2039-109 (2026-04-22)
Kansai-BPS SPA 1-69 (2026-04-22)","OG SPA 2026-2039-02 (2026-05-01)
GZG SPA 2022-2034-41 (2026-05-02)
JERA (TEPCO)-BPS SPA-133 (2026-05-06)
Kansai-BPS SPA 2-78 (2026-05-12)
PTT-SPA-2018-130 (2026-05-13)
Pavilion DES 2024-2033-29 (2026-05-15)
JERA (Chubu)-BPS SPA-71 (2026-05-15)
CNOOC 2019-2039-110 (2026-05-17)
JERA (TEPCO)-BPS SPA-134 (2026-05-29)","Kansai-BPS SPA 1-70 (2026-06-01)
PTT-SPA-2018-131 (2026-06-06)
GZG SPA 2022-2034-42 (2026-06-10)
CNOOC 2019-2039-111 (2026-06-11)
Pavilion DES 2024-2033-30 (2026-06-15)
Kansai-BPS SPA 2-79 (2026-06-21)
JERA (TEPCO)-BPS SPA-135 (2026-06-21)
PTT-SPA-2018-132 (2026-06-30)","OG SPA 2026-2039-03 (2026-07-01)
BPCHC SZG 2023-2032-16 (2026-07-04)
JERA (Chubu)-BPS SPA-72 (2026-07-06)
CNOOC 2019-2039-112 (2026-07-06)
Kansai-BPS SPA 1-71 (2026-07-11)
JERA (TEPCO)-BPS SPA-136 (2026-07-14)
Pavilion DES 2024-2033-31 (2026-07-15)
GZG SPA 2022-2034-43 (2026-07-19)
PTT-SPA-2018-133 (2026-07-24)
Kansai-BPS SPA 2-80 (2026-07-31)
CNOOC 2019-2039-113 (2026-07-31)","JERA (TEPCO)-BPS SPA-137 (2026-08-06)
Pavilion DES 2024-2033-32 (2026-08-15)
PTT-SPA-2018-134 (2026-08-17)
Kansai-BPS SPA 1-72 (2026-08-20)
CNOOC 2019-2039-114 (2026-08-25)
GZG SPA 2022-2034-44 (2026-08-27)
JERA (Chubu)-BPS SPA-73 (2026-08-27)
JERA (TEPCO)-BPS SPA-138 (2026-08-29)","OG SPA 2026-2039-04 (2026-09-01)
Kansai-BPS SPA 2-81 (2026-09-09)
PTT-SPA-2018-135 (2026-09-10)
Pavilion DES 2024-2033-33 (2026-09-15)
CNOOC 2019-2039-115 (2026-09-19)
JERA (TEPCO)-BPS SPA-139 (2026-09-21)
BPCHC SZG 2023-2032-17 (2026-09-24)
Kansai-BPS SPA 1-73 (2026-09-29)","PTT-SPA-2018-136 (2026-10-04)
GZG SPA 2022-2034-45 (2026-10-05)
JERA (TEPCO)-BPS SPA-140 (2026-10-14)
CNOOC 2019-2039-116 (2026-10-14)
Pavilion DES 2024-2033-34 (2026-10-15)
JERA (Chubu)-BPS SPA-74 (2026-10-18)
Kansai-BPS SPA 2-82 (2026-10-19)
PTT-SPA-2018-137 (2026-10-28)","OG SPA 2026-2039-05 (2026-11-01)
JERA (TEPCO)-BPS SPA-141 (2026-11-06)
Kansai-BPS SPA 1-74 (2026-11-08)
CNOOC 2019-2039-117 (2026-11-08)
GZG SPA 2022-2034-46 (2026-11-13)
Pavilion DES 2024-2033-35 (2026-11-15)
PTT-SPA-2018-138 (2026-11-21)
Kansai-BPS SPA 2-83 (2026-11-28)
JERA (TEPCO)-BPS SPA-142 (2026-11-29)","CNOOC 2019-2039-118 (2026-12-03)
JERA (Chubu)-BPS SPA-75 (2026-12-09)
Pavilion DES 2024-2033-36 (2026-12-15)
PTT-SPA-2018-139 (2026-12-15)
BPCHC SZG 2023-2032-18 (2026-12-16)
Kansai-BPS SPA 1-75 (2026-12-18)
GZG SPA 2022-2034-47 (2026-12-22)
JERA (TEPCO)-BPS SPA-143 (2026-12-22)
CNOOC 2019-2039-119 (2026-12-28)","OG SPA 2026-2039-06 (2027-01-01)
GZG SPA 2022-2034-48 (2027-01-05)
Kansai-BPS SPA 2-84 (2027-01-07)
JERA (TEPCO)-BPS SPA-144 (2027-01-14)
Pavilion DES 2024-2033-37 (2027-01-15)
BPCHC SZG 2023-2032-19 (2027-01-20)
Kansai-BPS SPA 1-76 (2027-01-27)
JERA (Chubu)-BPS SPA-76 (2027-01-30)","JERA (TEPCO)-BPS SPA-145 (2027-02-06)
GZG SPA 2022-2034-49 (2027-02-13)
Pavilion DES 2024-2033-38 (2027-02-15)
Kansai-BPS SPA 2-85 (2027-02-16)","JERA (TEPCO)-BPS SPA-146 (2027-03-01)
OG SPA 2026-2039-07 (2027-03-01)
Kansai-BPS SPA 2-86 (2027-03-08)
Pavilion DES 2024-2033-39 (2027-03-15)
JERA (Chubu)-BPS SPA-77 (2027-03-23)
GZG SPA 2022-2034-50 (2027-03-24)
JERA (TEPCO)-BPS SPA-147 (2027-03-24)
Kansai-BPS SPA 2-87 (2027-03-28)","BPCHC SZG 2023-2032-20 (2027-04-12)
Pavilion DES 2024-2033-40 (2027-04-15)","OG SPA 2026-2039-08 (2027-05-01)
GZG SPA 2022-2034-51 (2027-05-02)
Pavilion DES 2024-2033-41 (2027-05-15)","OG SPA 2026-2039-09 (2027-06-01)
GZG SPA 2022-2034-52 (2027-06-10)
Pavilion DES 2024-2033-42 (2027-06-15)","BPCHC SZG 2023-2032-21 (2027-07-04)
Pavilion DES 2024-2033-43 (2027-07-15)
GZG SPA 2022-2034-53 (2027-07-19)","OG SPA 2026-2039-10 (2027-08-01)
Pavilion DES 2024-2033-44 (2027-08-15)
GZG SPA 2022-2034-54 (2027-08-27)","Pavilion DES 2024-2033-45 (2027-09-15)
BPCHC SZG 2023-2032-22 (2027-09-24)","OG SPA 2026-2039-11 (2027-10-01)
GZG SPA 2022-2034-55 (2027-10-05)
Pavilion DES 2024-2033-46 (2027-10-15)","GZG SPA 2022-2034-56 (2027-11-13)
Pavilion DES 2024-2033-47 (2027-11-15)","OG SPA 2026-2039-12 (2027-12-01)
Pavilion DES 2024-2033-48 (2027-12-15)
BPCHC SZG 2023-2032-23 (2027-12-16)
GZG SPA 2022-2034-57 (2027-12-22)","GZG SPA 2022-2034-58 (2028-01-05)
Pavilion DES 2024-2033-49 (2028-01-15)
BPCHC SZG 2023-2032-24 (2028-01-20)","OG SPA 2026-2039-13 (2028-02-01)
GZG SPA 2022-2034-59 (2028-02-13)
Pavilion DES 2024-2033-50 (2028-02-15)","Pavilion DES 2024-2033-51 (2028-03-15)
GZG SPA 2022-2034-60 (2028-03-23)","BPCHC SZG 2023-2032-25 (2028-04-11)
Pavilion DES 2024-2033-52 (2028-04-15)","GZG SPA 2022-2034-61 (2028-05-01)
OG SPA 2026-2039-14 (2028-05-01)
Pavilion DES 2024-2033-53 (2028-05-15)","GZG SPA 2022-2034-62 (2028-06-09)
Pavilion DES 2024-2033-54 (2028-06-15)","OG SPA 2026-2039-15 (2028-07-01)
BPCHC SZG 2023-2032-26 (2028-07-03)
Pavilion DES 2024-2033-55 (2028-07-15)
GZG SPA 2022-2034-63 (2028-07-18)","Pavilion DES 2024-2033-56 (2028-08-15)
GZG SPA 2022-2034-64 (2028-08-26)","OG SPA 2026-2039-16 (2028-09-01)
Pavilion DES 2024-2033-57 (2028-09-15)
BPCHC SZG 2023-2032-27 (2028-09-23)","GZG SPA 2022-2034-65 (2028-10-04)
Pavilion DES 2024-2033-58 (2028-10-15)","OG SPA 2026-2039-17 (2028-11-01)
GZG SPA 2022-2034-66 (2028-11-12)
Pavilion DES 2024-2033-59 (2028-11-15)","Pavilion DES 2024-2033-60 (2028-12-15)
BPCHC SZG 2023-2032-28 (2028-12-15)
GZG SPA 2022-2034-67 (2028-12-21)","OG SPA 2026-2039-18 (2029-01-01)
GZG SPA 2022-2034-68 (2029-01-05)
Pavilion DES 2024-2033-61 (2029-01-15)
BPCHC SZG 2023-2032-29 (2029-01-20)","GZG SPA 2022-2034-69 (2029-02-13)
Pavilion DES 2024-2033-62 (2029-02-15)","OG SPA 2026-2039-19 (2029-03-01)
Pavilion DES 2024-2033-63 (2029-03-15)
GZG SPA 2022-2034-70 (2029-03-24)","BPCHC SZG 2023-2032-30 (2029-04-12)
Pavilion DES 2024-2033-64 (2029-04-15)","OG SPA 2026-2039-20 (2029-05-01)
GZG SPA 2022-2034-71 (2029-05-02)
Pavilion DES 2024-2033-65 (2029-05-15)","OG SPA 2026-2039-21 (2029-06-01)
GZG SPA 2022-2034-72 (2029-06-10)
Pavilion DES 2024-2033-66 (2029-06-15)","BPCHC SZG 2023-2032-31 (2029-07-04)
Pavilion DES 2024-2033-67 (2029-07-15)
GZG SPA 2022-2034-73 (2029-07-19)","OG SPA 2026-2039-22 (2029-08-01)
Pavilion DES 2024-2033-68 (2029-08-15)
GZG SPA 2022-2034-74 (2029-08-27)","Pavilion DES 2024-2033-69 (2029-09-15)
BPCHC SZG 2023-2032-32 (2029-09-24)","OG SPA 2026-2039-23 (2029-10-01)
GZG SPA 2022-2034-75 (2029-10-05)
Pavilion DES 2024-2033-70 (2029-10-15)","GZG SPA 2022-2034-76 (2029-11-13)
Pavilion DES 2024-2033-71 (2029-11-15)","OG SPA 2026-2039-24 (2029-12-01)
Pavilion DES 2024-2033-72 (2029-12-15)
BPCHC SZG 2023-2032-33 (2029-12-16)
GZG SPA 2022-2034-77 (2029-12-22)","GZG SPA 2022-2034-78 (2030-01-05)
Pavilion DES 2024-2033-73 (2030-01-15)
BPCHC SZG 2023-2032-34 (2030-01-20)","OG SPA 2026-2039-25 (2030-02-01)
GZG SPA 2022-2034-79 (2030-02-13)
Pavilion DES 2024-2033-74 (2030-02-15)","Pavilion DES 2024-2033-75 (2030-03-15)
GZG SPA 2022-2034-80 (2030-03-24)","BPCHC SZG 2023-2032-35 (2030-04-12)
Pavilion DES 2024-2033-76 (2030-04-15)","OG SPA 2026-2039-26 (2030-05-01)
GZG SPA 2022-2034-81 (2030-05-02)
Pavilion DES 2024-2033-77 (2030-05-15)","GZG SPA 2022-2034-82 (2030-06-10)
Pavilion DES 2024-2033-78 (2030-06-15)","OG SPA 2026-2039-27 (2030-07-01)
BPCHC SZG 2023-2032-36 (2030-07-04)
Pavilion DES 2024-2033-79 (2030-07-15)
GZG SPA 2022-2034-83 (2030-07-19)","Pavilion DES 2024-2033-80 (2030-08-15)
GZG SPA 2022-2034-84 (2030-08-27)","OG SPA 2026-2039-28 (2030-09-01)
Pavilion DES 2024-2033-81 (2030-09-15)
BPCHC SZG 2023-2032-37 (2030-09-24)","GZG SPA 2022-2034-85 (2030-10-05)
Pavilion DES 2024-2033-82 (2030-10-15)","OG SPA 2026-2039-29 (2030-11-01)
GZG SPA 2022-2034-86 (2030-11-13)
Pavilion DES 2024-2033-83 (2030-11-15)","Pavilion DES 2024-2033-84 (2030-12-15)
BPCHC SZG 2023-2032-38 (2030-12-16)
GZG SPA 2022-2034-87 (2030-12-22)","OG SPA 2026-2039-30 (2031-01-01)
GZG SPA 2022-2034-88 (2031-01-05)
Pavilion DES 2024-2033-85 (2031-01-15)
BPCHC SZG 2023-2032-39 (2031-01-20)","GZG SPA 2022-2034-89 (2031-02-13)
Pavilion DES 2024-2033-86 (2031-02-15)","OG SPA 2026-2039-31 (2031-03-01)
Pavilion DES 2024-2033-87 (2031-03-15)
GZG SPA 2022-2034-90 (2031-03-24)","BPCHC SZG 2023-2032-40 (2031-04-12)
Pavilion DES 2024-2033-88 (2031-04-15)","OG SPA 2026-2039-32 (2031-05-01)
GZG SPA 2022-2034-91 (2031-05-02)
Pavilion DES 2024-2033-89 (2031-05-15)","OG SPA 2026-2039-33 (2031-06-01)
GZG SPA 2022-2034-92 (2031-06-10)
Pavilion DES 2024-2033-90 (2031-06-15)","BPCHC SZG 2023-2032-41 (2031-07-04)
Pavilion DES 2024-2033-91 (2031-07-15)
GZG SPA 2022-2034-93 (2031-07-19)","OG SPA 2026-2039-34 (2031-08-01)
Pavilion DES 2024-2033-92 (2031-08-15)
GZG SPA 2022-2034-94 (2031-08-27)","Pavilion DES 2024-2033-93 (2031-09-15)
BPCHC SZG 2023-2032-42 (2031-09-24)","OG SPA 2026-2039-35 (2031-10-01)
GZG SPA 2022-2034-95 (2031-10-05)
Pavilion DES 2024-2033-94 (2031-10-15)","GZG SPA 2022-2034-96 (2031-11-13)
Pavilion DES 2024-2033-95 (2031-11-15)","OG SPA 2026-2039-36 (2031-12-01)
Pavilion DES 2024-2033-96 (2031-12-15)
BPCHC SZG 2023-2032-43 (2031-12-16)
GZG SPA 2022-2034-97 (2031-12-22)","GZG SPA 2022-2034-98 (2032-01-05)
Pavilion DES 2024-2033-97 (2032-01-15)
BPCHC SZG 2023-2032-44 (2032-01-20)","OG SPA 2026-2039-37 (2032-02-01)
GZG SPA 2022-2034-99 (2032-02-13)
Pavilion DES 2024-2033-98 (2032-02-15)","Pavilion DES 2024-2033-99 (2032-03-15)
GZG SPA 2022-2034-100 (2032-03-23)","BPCHC SZG 2023-2032-45 (2032-04-11)
Pavilion DES 2024-2033-100 (2032-04-15)","GZG SPA 2022-2034-101 (2032-05-01)
OG SPA 2026-2039-38 (2032-05-01)
Pavilion DES 2024-2033-101 (2032-05-15)","GZG SPA 2022-2034-102 (2032-06-09)
Pavilion DES 2024-2033-102 (2032-06-15)","OG SPA 2026-2039-39 (2032-07-01)
BPCHC SZG 2023-2032-46 (2032-07-03)
Pavilion DES 2024-2033-103 (2032-07-15)
GZG SPA 2022-2034-103 (2032-07-18)","Pavilion DES 2024-2033-104 (2032-08-15)
GZG SPA 2022-2034-104 (2032-08-26)","OG SPA 2026-2039-40 (2032-09-01)
Pavilion DES 2024-2033-105 (2032-09-15)
BPCHC SZG 2023-2032-47 (2032-09-23)","GZG SPA 2022-2034-105 (2032-10-04)
Pavilion DES 2024-2033-106 (2032-10-15)","OG SPA 2026-2039-41 (2032-11-01)
GZG SPA 2022-2034-106 (2032-11-12)
Pavilion DES 2024-2033-107 (2032-11-15)","Pavilion DES 2024-2033-108 (2032-12-15)
BPCHC SZG 2023-2032-48 (2032-12-15)
GZG SPA 2022-2034-107 (2032-12-21)","OG SPA 2026-2039-42 (2033-01-01)
GZG SPA 2022-2034-108 (2033-01-05)
Pavilion DES 2024-2033-109 (2033-01-15)","GZG SPA 2022-2034-109 (2033-02-13)
Pavilion DES 2024-2033-110 (2033-02-15)","OG SPA 2026-2039-43 (2033-03-01)
Pavilion DES 2024-2033-111 (2033-03-15)
GZG SPA 2022-2034-110 (2033-03-24)",Pavilion DES 2024-2033-112 (2033-04-15),"OG SPA 2026-2039-44 (2033-05-01)
GZG SPA 2022-2034-111 (2033-05-02)
Pavilion DES 2024-2033-113 (2033-05-15)","OG SPA 2026-2039-45 (2033-06-01)
GZG SPA 2022-2034-112 (2033-06-10)
Pavilion DES 2024-2033-114 (2033-06-15)","Pavilion DES 2024-2033-115 (2033-07-15)
GZG SPA 2022-2034-113 (2033-07-19)","OG SPA 2026-2039-46 (2033-08-01)
Pavilion DES 2024-2033-116 (2033-08-15)
GZG SPA 2022-2034-114 (2033-08-27)",Pavilion DES 2024-2033-117 (2033-09-15),"OG SPA 2026-2039-47 (2033-10-01)
GZG SPA 2022-2034-115 (2033-10-05)
Pavilion DES 2024-2033-118 (2033-10-15)","GZG SPA 2022-2034-116 (2033-11-13)
Pavilion DES 2024-2033-119 (2033-11-15)","OG SPA 2026-2039-48 (2033-12-01)
Pavilion DES 2024-2033-120 (2033-12-15)
GZG SPA 2022-2034-117 (2033-12-22)",,OG SPA 2026-2039-49 (2034-02-01),,,OG SPA 2026-2039-50 (2034-05-01),,OG SPA 2026-2039-51 (2034-07-01),,OG SPA 2026-2039-52 (2034-09-01),,OG SPA 2026-2039-53 (2034-11-01),,OG SPA 2026-2039-54 (2035-01-01),,OG SPA 2026-2039-55 (2035-03-01),,OG SPA 2026-2039-56 (2035-05-01),OG SPA 2026-2039-57 (2035-06-01),,OG SPA 2026-2039-58 (2035-08-01),,OG SPA 2026-2039-59 (2035-10-01),,OG SPA 2026-2039-60 (2035-12-01),,OG SPA 2026-2039-61 (2036-02-01),,,OG SPA 2026-2039-62 (2036-05-01),,,OG SPA 2026-2039-63 (2036-08-01),,OG SPA 2026-2039-64 (2036-10-01),,,,OG SPA 2026-2039-65 (2037-02-01),,,OG SPA 2026-2039-66 (2037-05-01),,,OG SPA 2026-2039-67 (2037-08-01),,OG SPA 2026-2039-68 (2037-10-01),,,,OG SPA 2026-2039-69 (2038-02-01),,,OG SPA 2026-2039-70 (2038-05-01),,,OG SPA 2026-2039-71 (2038-08-01),,,,,,OG SPA 2026-2039-72 (2039-02-01)
Shorts against TAC Middle East,,,,,,,-1,,-1,,-1,,-1,,-1,,-1,,-1,,-2,,-1,-1,,,-1,,-1,,,-1,-1,-1,,,-16,,,,,-1,-2,-1,-1,-2,-1,-1,-1,-1,-2,-1,-1,-1,-2,-1,-1,-2,-1,-1,-1,-1,-2,-1,-1,-1,-1,-1,-1,,,,,,,,,,,,,,,,,,,,,,,,,,,,,,,,,,,,,,,,,,,,,,,,,,,,,,,,,,,,,,,,,,,,,,,,,,,,,,,,,,,,,,,,,,,,,,,,,,,,,,,,,,,,,,,,,,,,,,,,,,,,,,,,,,,,,,,,,,,,,,,
Shorts against TAC Middle East Details,,,,,,,Exxon SPA-12 (2022-02-26),,Exxon SPA-13 (2022-04-01),,Exxon SPA-14 (2022-06-01),,Exxon SPA-15 (2022-08-01),,Exxon SPA-16 (2022-10-01),,Exxon SPA-17 (2022-12-01),,Exxon SPA-18 (2023-02-28),,"Exxon SPA-19 (2023-04-01)
Exxon SPA-20 (2023-04-27)",,Exxon SPA-22 (2023-06-18),Exxon SPA-23 (2023-07-17),,,Exxon SPA-27 (2023-10-28),,Exxon SPA-29 (2023-12-17),,,Exxon SPA-32 (2024-03-04),Exxon SPA-34 (2024-04-05),Exxon SPA-36 (2024-05-28),,,,,,,,Exxon SPA-44 (2024-12-11),"Exxon SPA-45 (2025-01-05)
Exxon SPA-46 (2025-01-30)",Exxon SPA-47 (2025-02-24),Exxon SPA-48 (2025-03-21),"Exxon SPA-49 (2025-04-05)
Exxon SPA-50 (2025-04-30)",Exxon SPA-51 (2025-05-25),Exxon SPA-52 (2025-06-19),Exxon SPA-53 (2025-07-14),Exxon SPA-54 (2025-08-08),"Exxon SPA-55 (2025-09-02)
Exxon SPA-56 (2025-09-27)",Exxon SPA-57 (2025-10-22),Exxon SPA-58 (2025-11-16),Exxon SPA-59 (2025-12-11),"Exxon SPA-60 (2026-01-05)
Exxon SPA-61 (2026-01-30)",Exxon SPA-62 (2026-02-24),Exxon SPA-63 (2026-03-21),"Exxon SPA-64 (2026-04-01)
Exxon SPA-65 (2026-04-27)",Exxon SPA-66 (2026-05-23),Exxon SPA-67 (2026-06-18),Exxon SPA-68 (2026-07-14),Exxon SPA-69 (2026-08-09),"Exxon SPA-70 (2026-09-04)
Exxon SPA-71 (2026-09-30)",Exxon SPA-72 (2026-10-26),Exxon SPA-73 (2026-11-21),Exxon SPA-74 (2026-12-17),Exxon SPA-75 (2027-01-12),Exxon SPA-76 (2027-02-07),Exxon SPA-77 (2027-03-05),,,,,,,,,,,,,,,,,,,,,,,,,,,,,,,,,,,,,,,,,,,,,,,,,,,,,,,,,,,,,,,,,,,,,,,,,,,,,,,,,,,,,,,,,,,,,,,,,,,,,,,,,,,,,,,,,,,,,,,,,,,,,,,,,,,,,,,,,,,,,,,
Shorts against TAC Europe,,,,,,-4,-3,-7,-4,-4,-5,-5,-5,-6,-3,-4,-4,-1,-1,,-2,,-2,-1,-2,-1,-1,,-1,,-1,,-1,,-1,,-69,,,,,-2,,-1,,-1,,-1,,-1,,,,,,,,,,,,,,,,,,,,,,,,,,,,,,,,,,,,,,,,,,,,,,,,,,,,,,,,,,,,,,,,,,,,,,,,,,,,,,,,,,,,,,,,,,,,,,,,,,,,,,,,,,,,,,,,,,,,,,,,,,,,,,,,,,,,,,,,,,,,,,,,,,,,,,,,,,,,,,,,,,
Shorts against TAC Europe Details,,,,,,"EXXON_MOBIL_EU 2021-04-02 (2022-01-04)
BPGE 2021-08-01 (2022-01-11)
Engie 2021-03-02-01 (2022-01-11)
Glencore Orsted Novation-07 (2022-01-16)","Engie 2021-03-02-02 (2022-02-18)
BPGE 2021-08-02 (2022-02-18)
BPGE 2021-16 Strip-02 (2022-02-24)","Engie 2021-03-02-03 (2022-03-14)
BPGE 2021-08-03 (2022-03-14)
Glencore Orsted Novation-08 (2022-03-14)
EP Resources AG 2021-01 (2022-03-23)
OMV 2021-02 (2022-03-23)
Botas Strip 2021-17 (2022-03-26)
BPGE 2021-16 Strip-03 (2022-03-27)","Engie 2021-03-02-04 (2022-04-14)
BPGE 2021-08-04 (2022-04-14)
BPGM OLT 2021-2023-04 (2022-04-23)
BPGE 2021-16 Strip-04 (2022-04-25)","Glencore Orsted Novation-09 (2022-05-01)
Engie 2021-03-02-05 (2022-05-18)
BPGE 2021-08-05 (2022-05-18)
BPGE 2021-16 Strip-05 (2022-05-27)","Engie 2021-03-02-06 (2022-06-08)
BPGE 2021-08-06 (2022-06-08)
BPGM OLT 2021-2023-05 (2022-06-22)
OMV Strip 2022-23-01 (2022-06-25)
BPGE 2021-16 Strip-06 (2022-06-26)","BPGE 2021-08-07 (2022-07-13)
Engie 2021-03-02-07 (2022-07-13)
BPGE 2021-16 Strip-07 (2022-07-15)
OMV Strip 2022-23-02 (2022-07-25)
Glencore Orsted Novation-10 (2022-07-29)","BPGE 2021-16 Strip-08 (2022-08-01)
BPGM OLT 2021-2023-06 (2022-08-02)
Engie 2021-03-02-08 (2022-08-07)
BPGE 2021-08-08 (2022-08-07)
OMV Strip 2022-23-03 (2022-08-24)","EP Resources AG 2021-02 (2022-09-01)
BPGE 2021-16 Strip-09 (2022-09-01)
Engie 2021-03-02-09 (2022-09-08)
BPGE 2021-08-09 (2022-09-08)
Glencore Orsted Novation-11 (2022-09-17)
OMV Strip 2022-23-04 (2022-09-23)","BPGE 2021-16 Strip-10 (2022-10-01)
BPGE 2021-08-10 (2022-10-10)
Engie 2021-03-02-10 (2022-10-10)","BPGE 2021-16 Strip-11 (2022-11-01)
Engie 2021-03-02-11 (2022-11-08)
BPGE 2021-08-11 (2022-11-08)
Glencore Orsted Novation-12 (2022-11-17)","BPGE 2021-16 Strip-12 (2022-12-01)
BPGE 2021-08-12 (2022-12-07)
Engie 2021-03-02-12 (2022-12-07)
BPGM OLT 2021-2023-08 (2022-12-15)",Glencore Orsted Novation-13 (2023-01-15),BPGM OLT 2021-2023-09 (2023-02-15),,"Uniper Strip 2023-2024-02 (2023-04-10)
BPGM OLT 2021-2023-10 (2023-04-15)",,"Uniper Strip 2023-2024-03 (2023-06-10)
OMV Strip 2022-23-05 (2023-06-21)",OMV Strip 2022-23-06 (2023-07-22),"BPGM OLT 2021-2023-12 (2023-08-15)
OMV Strip 2022-23-07 (2023-08-22)",OMV Strip 2022-23-08 (2023-09-21),Uniper Strip 2023-2024-05 (2023-10-10),,Uniper Strip 2023-2024-06 (2023-12-10),,Uniper Strip 2023-2024-07 (2024-02-10),,Uniper Strip 2023-2024-08 (2024-04-10),,Uniper Strip 2023-2024-09 (2024-06-10),,,,,,,"Uniper Strip 2023-2024-12 (2024-12-10)
Orsted 2020-2025-26 (2024-12-15)",,Orsted 2020-2025-27 (2025-02-15),,Orsted 2020-2025-28 (2025-04-15),,Orsted 2020-2025-29 (2025-06-15),,Orsted 2020-2025-30 (2025-08-15),,,,,,,,,,,,,,,,,,,,,,,,,,,,,,,,,,,,,,,,,,,,,,,,,,,,,,,,,,,,,,,,,,,,,,,,,,,,,,,,,,,,,,,,,,,,,,,,,,,,,,,,,,,,,,,,,,,,,,,,,,,,,,,,,,,,,,,,,,,,,,,,,,,,,,,,,,,,,,,,,,
Shorts against TAC Atlantic,,,,,-1,-1,-1,-3,-1,-2,-1,-1,,-1,-1,-1,-1,,-1,-1,-1,,-1,-1,-1,,-1,-1,,-1,-1,,-1,-1,,-1,-28,-1,,-1,-1,-1,,-1,-1,-1,,-1,-1,-1,,-1,-1,,-1,-1,,-1,-1,,-1,-1,,-1,-1,,-1,-1,,-1,-1,,-1,-1,,,,,,,,,,,,,,,,,,,,,,,,,,,,,,,,,,,,,,,,,,,,,,,,,,,,,,,,,,,,,,,,,,,,,,,,,,,,,,,,,,,,,,,,,,,,,,,,,,,,,,,,,,,,,,,,,,,,,,,,,,,,,,,,,,,,,,,,,,
Shorts against TAC Atlantic Details,,,,,UFG 2021-01 (2021-12-01),Pavilion 2021-08 (2022-01-19),ABS-90 (2022-02-16),"BPGM IoG-93 (2022-03-06)
Pavilion 2021-09 (2022-03-17)
BPGM OLT 2021-2023-03 (2022-03-30)",PPD Mid Term 2020-11 (2022-04-06),"IEC Strip 2020-05 Strip-03 (2022-05-10)
PPD Mid Term 2020-12 (2022-05-14)",PPD Mid Term 2020-13 (2022-06-01),PPD Mid Term 2020-14 (2022-07-29),,PPD Mid Term 2020-15 (2022-09-13),PPD Mid Term 2020-16 (2022-10-05),PPD Mid Term 2020-17 (2022-11-15),PPD Mid Term 2020-18 (2022-12-25),,PPD Mid Term 2020-19 (2023-02-04),PPD Mid Term 2020-20 (2023-03-16),PPD Mid Term 2020-21 (2023-04-26),,PPD Mid Term 2020-22 (2023-06-05),PPD Mid Term 2020-23 (2023-07-16),PPD Mid Term 2020-24 (2023-08-25),,PPD Mid Term 2020-25 (2023-10-05),PPD Mid Term 2020-26 (2023-11-19),,PPD Mid Term 2020-27 (2024-01-05),PPD Mid Term 2020-28 (2024-02-19),,PPD Mid Term 2020-29 (2024-04-07),PPD Mid Term 2020-30 (2024-05-20),,PPD Mid Term 2020-31 (2024-07-04),,PPD Mid Term 2020-32 (2024-08-19),,PPD Mid Term 2020-33 (2024-10-04),PPD Mid Term 2020-34 (2024-11-14),PPD Mid Term 2020-35 (2024-12-24),,PPD Mid Term 2020-36 (2025-02-03),PPD Mid Term 2020-37 (2025-03-15),PPD Mid Term 2020-38 (2025-04-25),,PPD Mid Term 2020-39 (2025-06-04),PPD Mid Term 2020-40 (2025-07-15),PPD Mid Term 2020-41 (2025-08-24),,PPD Mid Term 2020-42 (2025-10-03),PPD Mid Term 2020-43 (2025-11-18),,PPD Mid Term 2020-44 (2026-01-03),PPD Mid Term 2020-45 (2026-02-17),,PPD Mid Term 2020-46 (2026-04-04),PPD Mid Term 2020-47 (2026-05-19),,PPD Mid Term 2020-48 (2026-07-04),PPD Mid Term 2020-49 (2026-08-19),,PPD Mid Term 2020-50 (2026-10-03),PPD Mid Term 2020-51 (2026-11-18),,PPD Mid Term 2020-52 (2027-01-03),PPD Mid Term 2020-53 (2027-02-17),,PPD Mid Term 2020-54 (2027-04-04),PPD Mid Term 2020-55 (2027-05-19),,PPD Mid Term 2020-56 (2027-07-04),PPD Mid Term 2020-57 (2027-08-19),,,,,,,,,,,,,,,,,,,,,,,,,,,,,,,,,,,,,,,,,,,,,,,,,,,,,,,,,,,,,,,,,,,,,,,,,,,,,,,,,,,,,,,,,,,,,,,,,,,,,,,,,,,,,,,,,,,,,,,,,,,,,,,,,,,,,,,,,,
Net Positions,,1,,3,6,-1,0,-6,0,0,0,4,1,0,9,0,4,7,6,7,3,4,-1,3,5,10,-2,2,1,2,-1,5,-1,-4,1,-2,66,0,1,0,9,-4,3,0,-2,1,2,-2,-2,-2,1,3,-1,0,0,-2,-2,1,-2,-2,-7,-1,-2,0,-4,-3,-4,2,-2,2,-1,0,-2,-1,0,0,-2,-4,-3,-3,-2,-2,-3,-2,-4,-2,-3,-2,-3,-3,-4,-2,-3,-2,-3,-3,-3,-3,-2,-3,-2,-4,-3,-3,-2,-2,-3,-2,-4,-2,-3,-2,-3,-3,-4,-2,-3,-2,-3,-3,-3,-3,-2,-3,-2,-4,-3,-3,-2,-2,-3,-2,-4,-2,-3,-2,-3,-3,-3,-2,-3,-1,-3,-3,-2,-3,-1,-3,-2,-3,,-1,,,-1,,-1,,-1,,-1,,-1,,-1,,-1,-1,,-1,,-1,,-1,,-1,,,-1,,,-1,,-1,,,,-1,,,-1,,,-1,,-1,,,,-1,,,-1,,,-1,,,,,,-1
